Team,Winrate,Season
GSW,0.817,14_15
ATL,0.732,14_15
HOU,0.683,14_15
LAC,0.683,14_15
SAS,0.671,14_15
MEM,0.671,14_15
CLE,0.646,14_15
POR,0.622,14_15
CHI,0.61,14_15
DAL,0.61,14_15
TOR,0.598,14_15
WAS,0.561,14_15
OKC,0.549,14_15
NOP,0.549,14_15
MIL,0.5,14_15
BOS,0.488,14_15
PHO,0.476,14_15
BRK,0.463,14_15
IND,0.463,14_15
UTA,0.463,14_15
MIA,0.451,14_15
CHO,0.402,14_15
DET,0.39,14_15
DEN,0.366,14_15
SAC,0.354,14_15
ORL,0.305,14_15
LAL,0.256,14_15
PHI,0.22,14_15
NYK,0.207,14_15
MIN,0.195,14_15
